<?xml version="1.0" encoding="UTF-8"?>
<project-private xmlns="http://www.netbeans.org/ns/project-private/1">
    <editor-bookmarks xmlns="http://www.netbeans.org/ns/editor-bookmarks/2" lastBookmarkId="0"/>
    <open-files xmlns="http://www.netbeans.org/ns/projectui-open-files/2">
        <group>
            <file>file:/C:/Users/SMK/Documents/Netbeansproject/XII%20RPL%202/src/main/MenuUtama.java</file>
            <file>file:/C:/Users/SMK/Documents/Netbeansproject/XII%20RPL%202/src/main/MenuUtamaa.java</file>
            <file>file:/C:/Users/SMK/Documents/Netbeansproject/XII%20RPL%202/src/view/FormLogin.java</file>
        </group>
    </open-files>
</project-private>
